<?xml version="1.0" encoding="UTF-8"?>
<beans xmlns="http://www.springframework.org/schema/beans"
	xmlns:xsi="http://www.w3.org/2001/XMLSchema-instance"
	xmlns:context="http://www.springframework.org/schema/context"
	xmlns:mvc="http://www.springframework.org/schema/mvc"
	xmlns:tx="http://www.springframework.org/schema/tx"
	xmlns:jpa="http://www.springframework.org/schema/data/jpa"
	xsi:schemaLocation="http://www.springframework.org/schema/mvc http://www.springframework.org/schema/mvc/spring-mvc-4.3.xsd
		http://www.springframework.org/schema/beans http://www.springframework.org/schema/beans/spring-beans.xsd
		http://www.springframework.org/schema/context http://www.springframework.org/schema/context/spring-context-4.3.xsd
		http://www.springframework.org/schema/data/jpa http://www.springframework.org/schema/data/jpa/spring-jpa-1.8.xsd
		http://www.springframework.org/schema/tx http://www.springframework.org/schema/tx/spring-tx-4.3.xsd">
<context:component-scan base-package="edu.fa.dao, edu.fa.service"></context:component-scan>
<jpa:repositories base-package="edu.fa.repository"></jpa:repositories>
<bean name="dataSource" class="org.springframework.jdbc.datasource.DriverManagerDataSource">
	<property name="driverClassName" value="org.apache.derby.jdbc.ClientDriver"/>
	<property name="url" value="jdbc:derby://localhost:1527/education;create=true"/>
</bean>
<bean id="sessionFactory" class="org.springframework.orm.hibernate4.LocalSessionFactoryBean">
	<property name="dataSource" ref="dataSource"/>
	<property name="packagesToScan" value="edu.fa.model"/>
	<property name="hibernateProperties">
		<props>
			<prop key="hibernate.dialect">org.hibernate.dialect.DerbyDialect</prop>
			<prop key="hibernate.show_sql">true</prop>
			<prop key="hibernate.hbn2ddl.auto">create</prop>
		</props>
	</property>
</bean>
<bean name="entityManagerFactory" class="org.springframework.orm.jpa.LocalContainerEntityManagerFactoryBean">
	<property name="dataSource" ref="dataSource"/>
	<property name="packagesToScan" value="edu.fa.model"/>
	<property name="jpaVendorAdapter">
		<bean class="org.springframework.orm.jpa.vendor.HibernateJpaVendorAdapter"/>
	</property>
	
</bean>
<bean name="transactionManager" class="org.springframework.orm.jpa.JpaTransactionManager">
 	<property name="entityManagerFactory" ref="entityManagerFactory"/>
</bean>
<tx:annotation-driven/>

</beans>
